Img,class
010_11,1
010_12,1
010_13,1
010_15,1
010_16,1
010_21,1
010_25,1
010_27,1
010_28,1
010_31,1
010_34,1
010_36,1
010_37,1
010_38,1
010_39,1
010_4,1
010_40,1
010_43,1
010_44,1
010_45,1
010_46,1
010_48,1
010_49,1
010_50,1
010_51,1
010_52,1
010_53,1
010_6,1
010_7,1
010_8,1
016_10,1
016_101,1
016_103,1
016_104,1
016_106,1
016_109,1
016_11,1
016_110,1
016_113,1
016_114,1
016_116,1
016_119,1
016_122,1
016_125,1
016_128,1
016_136,1
016_139,1
016_143,1
016_150,1
016_151,0
016_154,1
016_157,1
016_158,1
016_159,1
016_160,1
016_161,1
016_162,1
016_163,1
016_164,1
016_165,1
016_166,1
016_167,1
016_169,1
016_172,1
016_173,1
016_174,1
016_175,1
016_178,1
016_179,1
016_182,1
016_184,1
016_21,1
016_23,1
016_24,1
016_25,1
016_26,1
016_29,1
016_30,1
016_35,1
016_38,1
016_40,1
016_45,0
016_46,1
016_5,1
016_50,1
016_51,1
016_56,1
016_6,1
016_60,1
016_62,1
016_63,1
016_66,1
016_7,1
016_76,1
016_77,1
016_78,1
016_79,1
016_80,1
016_83,1
016_86,1
016_87,1
016_89,1
016_9,1
016_91,1
016_93,1
016_96,1
016_98,1
017_0,0
017_1,0
017_13,0
017_18,0
017_19,0
017_2,0
017_20,1
017_21,0
017_24,0
017_31,0
017_32,0
017_33,0
017_34,0
017_35,0
017_43,0
017_45,0
017_55,1
017_57,0
017_58,0
017_59,0
017_62,0
017_63,0
017_64,0
017_65,0
017_66,0
017_67,0
017_68,0
017_7,0
017_70,0
017_72,1
017_73,0
017_74,0
017_75,0
017_77,0
017_78,0
017_79,0
017_85,1
017_87,0
017_92,0
033_1,1
033_100,1
033_101,1
033_15,1
033_16,1
033_17,1
033_18,1
033_19,1
033_20,1
033_21,1
033_22,1
033_25,1
033_26,0
033_3,1
033_30,1
033_31,1
033_32,0
033_36,1
033_4,1
033_40,1
033_41,1
033_42,1
033_43,1
033_46,1
033_5,1
033_50,1
033_52,1
033_56,1
033_57,1
033_6,1
033_60,1
033_62,1
033_63,1
033_70,1
033_73,1
033_78,1
033_83,1
033_84,1
033_85,1
033_9,1
033_91,1
033_92,1
033_93,1
033_94,1
033_97,1
035_10,1
035_100,1
035_101,1
035_104,1
035_105,1
035_107,1
035_117,1
035_118,1
035_120,1
035_121,1
035_126,1
035_129,1
035_13,1
035_132,1
035_139,1
035_140,1
035_142,1
035_144,1
035_147,1
035_148,1
035_149,1
035_152,1
035_153,1
035_17,1
035_171,1
035_172,1
035_175,1
035_178,1
035_179,1
035_18,1
035_181,1
035_19,1
035_192,1
035_194,1
035_197,1
035_20,1
035_200,1
035_203,1
035_21,1
035_22,1
035_26,1
035_28,1
035_41,1
035_48,0
035_50,1
035_56,0
035_59,1
035_61,0
035_63,1
035_64,1
035_65,1
035_68,1
035_7,1
035_70,0
035_73,1
035_74,1
035_76,0
035_81,1
035_84,1
035_89,1
035_90,1
035_92,1
035_94,1
035_95,1
037_12,0
037_13,1
037_14,0
037_19,0
037_20,0
037_21,0
037_22,0
037_23,0
037_26,0
037_27,0
037_28,0
037_3,0
037_31,0
037_32,0
037_33,0
037_34,0
037_35,0
037_36,1
037_37,1
037_38,0
037_39,0
037_42,0
037_45,0
037_46,0
037_47,0
037_48,0
037_49,0
037_5,0
037_50,0
037_8,0
037_9,0
038_0,0
038_1,0
038_10,0
038_12,0
038_13,0
038_15,0
038_21,0
038_22,0
038_3,0
038_35,0
038_37,1
038_38,0
038_4,0
038_40,0
038_41,0
038_42,0
038_43,0
038_44,1
038_48,1
038_49,0
038_50,0
038_52,0
038_59,0
038_60,0
038_61,0
038_62,0
038_63,0
038_65,0
038_72,0
038_73,0
038_74,0
038_76,0
038_78,0
038_79,0
038_81,0
038_84,0
038_9,0
043_0,1
043_1,1
043_10,1
043_100,1
043_14,1
043_16,1
043_17,1
043_20,1
043_21,1
043_22,1
043_24,1
043_25,1
043_26,1
043_27,1
043_28,1
043_30,0
043_31,1
043_33,1
043_36,1
043_38,1
043_4,1
043_40,1
043_41,1
043_44,1
043_45,1
043_46,1
043_47,1
043_5,1
043_51,1
043_52,1
043_57,1
043_58,1
043_6,1
043_60,1
043_63,1
043_66,0
043_7,1
043_70,1
043_74,1
043_77,1
043_8,0
043_80,1
043_81,1
043_83,1
043_85,1
043_86,1
043_87,1
043_88,1
043_89,1
043_9,0
043_90,1
043_91,1
043_92,1
043_97,1
043_98,1
043_99,1
044_14,1
044_15,1
044_17,1
044_18,1
044_20,1
044_23,1
044_26,1
044_28,1
044_29,1
044_30,1
044_34,1
044_35,1
044_37,1
044_38,1
044_39,0
044_42,1
044_43,0
044_44,1
044_45,1
044_51,1
044_52,1
044_53,1
044_56,1
044_59,1
044_60,1
044_61,1
044_62,1
044_63,1
044_64,1
044_65,1
044_67,1
044_68,1
044_70,1
044_71,1
044_74,1
044_75,1
044_8,1
044_9,1
049_10,1
049_13,1
049_14,1
049_15,1
049_16,1
049_18,1
049_2,0
049_20,1
049_25,1
049_26,1
049_27,1
049_33,1
049_34,1
049_35,1
049_36,1
049_37,1
049_38,1
049_39,1
049_40,1
049_41,1
049_43,1
049_46,1
049_47,1
049_51,1
049_54,1
049_6,1
049_8,1
049_9,1
051_1,1
051_10,0
051_11,0
051_12,0
051_13,0
051_14,0
051_15,0
051_16,0
051_17,0
051_18,0
051_19,0
051_2,0
051_20,0
051_21,0
051_22,0
051_23,0
051_24,0
051_25,0
051_26,0
051_27,0
051_28,0
051_29,0
051_3,0
051_31,0
051_33,0
051_34,0
051_35,0
051_36,0
051_38,0
051_39,0
051_4,0
051_44,0
051_45,0
051_46,0
051_47,0
051_48,0
051_49,0
051_5,0
051_50,0
051_51,0
051_8,1
051_9,0
056_10,1
056_100,1
056_101,1
056_111,1
056_114,1
056_116,1
056_118,1
056_120,1
056_121,1
056_127,1
056_128,1
056_130,1
056_131,1
056_132,1
056_18,1
056_19,1
056_34,1
056_36,1
056_39,1
056_40,0
056_42,1
056_46,1
056_49,1
056_5,0
056_50,1
056_51,1
056_52,1
056_53,1
056_54,1
056_55,0
056_56,1
056_58,1
056_60,1
056_61,1
056_63,1
056_64,1
056_67,1
056_69,1
056_72,1
056_73,1
056_75,1
056_76,1
056_8,1
056_82,1
056_83,1
056_85,1
056_86,1
056_87,0
056_89,1
056_90,1
056_91,1
056_97,1
056_98,1
056_99,1
060_10,0
060_11,1
060_12,1
060_13,1
060_14,1
060_15,1
060_16,1
060_17,1
060_18,1
060_19,1
060_22,1
060_23,1
060_24,1
060_26,0
060_27,1
060_3,1
060_30,1
060_31,1
060_32,1
060_33,1
060_38,1
060_39,1
060_40,1
060_42,1
060_44,1
060_45,1
060_50,1
060_52,1
060_53,1
060_54,1
060_55,1
060_57,1
060_59,1
060_60,1
060_61,1
060_64,1
060_68,1
060_69,1
060_70,1
060_71,0
060_72,1
060_74,1
060_75,1
060_78,1
060_8,1
060_80,1
060_85,1
060_87,1
060_88,1
067_10,1
067_11,1
067_12,1
067_13,1
067_15,1
067_16,1
067_17,1
067_26,1
067_28,1
067_30,1
067_33,1
067_37,1
067_38,1
067_42,1
067_43,1
067_45,1
067_46,1
067_47,1
067_5,1
067_50,1
067_51,1
067_54,1
067_55,1
067_56,1
067_57,1
067_65,1
067_69,1
077_10,1
077_102,1
077_103,1
077_104,1
077_108,1
077_109,1
077_111,1
077_112,1
077_114,1
077_115,1
077_116,1
077_118,1
077_119,1
077_12,1
077_121,1
077_122,1
077_126,1
077_13,1
077_130,1
077_134,1
077_15,1
077_16,1
077_17,1
077_18,1
077_22,1
077_23,1
077_24,1
077_25,1
077_26,1
077_27,1
077_28,1
077_35,1
077_36,1
077_37,1
077_4,1
077_40,1
077_45,1
077_46,1
077_53,1
077_54,1
077_55,1
077_57,1
077_59,1
077_60,1
077_61,1
077_62,1
077_64,1
077_68,1
077_7,1
077_74,1
077_78,1
077_8,1
077_80,1
077_81,1
077_84,1
077_86,0
077_87,1
077_88,1
077_89,1
077_9,1
077_90,1
077_91,1
077_92,1
077_93,1
077_94,1
077_97,1
077_99,1
081_0,0
081_7,0
081_8,0
081_9,0
082_10,1
082_11,1
082_13,1
082_14,1
082_17,1
082_2,1
082_23,1
082_28,1
082_3,1
082_35,1
082_36,1
082_37,1
082_38,1
082_39,1
082_4,1
082_41,1
082_42,1
082_48,1
082_49,1
082_5,1
082_50,1
082_51,1
082_52,1
082_53,1
082_54,1
082_55,1
082_58,1
082_59,1
082_6,1
082_60,1
082_61,1
082_62,1
082_69,1
082_7,1
094_10,0
094_3,1
094_4,0
094_5,1
094_6,1
094_7,1
094_8,0
094_9,0
096_12,0
096_13,0
096_14,0
096_18,0
096_19,0
096_2,0
096_21,0
096_24,0
096_25,0
096_26,0
096_27,0
096_3,0
096_30,0
096_34,0
096_36,0
096_37,1
096_38,0
096_39,0
096_40,0
096_42,0
096_43,0
096_45,0
096_46,1
096_47,0
096_48,0
096_5,0
096_50,0
096_56,0
096_59,0
096_61,0
096_62,0
096_63,1
096_64,0
096_67,0
096_74,0
096_75,0
096_76,0
096_79,0
096_8,0
096_80,0
096_85,0
096_87,1
096_88,0
104_1,1
104_11,0
104_12,0
104_14,0
104_15,0
104_17,0
104_18,0
104_19,0
104_2,0
104_20,0
104_21,0
104_22,1
104_23,0
104_24,1
104_25,0
104_26,0
104_28,0
104_29,0
104_3,0
104_30,0
104_5,0
104_6,0
104_7,0
104_8,0
104_9,0
105_12,1
105_14,0
105_19,0
105_20,1
105_21,1
105_22,1
105_23,1
105_24,1
105_25,1
105_27,1
105_29,1
105_32,1
105_35,1
105_37,1
105_45,1
105_46,1
105_47,1
105_48,1
105_49,1
105_50,1
105_51,1
105_52,1
105_53,1
105_54,0
105_55,1
105_56,1
105_59,1
105_60,1
105_61,1
105_64,1
105_67,1
105_68,1
105_69,1
105_70,1
105_71,1
105_72,0
105_73,1
105_74,1
105_75,1
105_77,1
105_78,1
107_10,1
107_11,0
107_12,0
107_13,0
107_14,0
107_18,0
107_19,0
107_2,0
107_20,0
107_22,0
107_23,0
107_24,0
107_25,0
107_26,0
107_29,0
107_3,0
107_30,0
107_32,0
107_33,0
107_34,0
107_4,0
107_5,0
107_6,0
107_7,0
107_8,0
107_9,1
108_10,1
108_11,0
108_12,1
108_15,1
108_17,1
108_2,1
108_21,1
108_24,1
108_25,1
108_26,1
108_27,1
108_29,1
108_31,1
108_32,1
108_33,1
108_34,1
108_37,1
108_4,1
108_45,1
108_46,1
108_5,1
108_51,1
108_54,1
108_6,1
108_60,1
108_63,1
108_64,1
108_65,1
108_66,1
108_68,1
108_7,1
108_70,1
108_71,1
108_72,1
108_73,1
108_74,1
108_77,1
108_78,1
108_79,1
108_80,1
108_83,1
108_84,1
108_91,0
108_92,1
108_93,1
108_94,1
108_95,0
108_97,1
109_1,1
109_11,1
109_2,0
109_3,0
109_4,1
109_5,1
109_7,1
111_10,1
111_102,1
111_11,1
111_12,1
111_13,1
111_14,1
111_16,1
111_19,0
111_27,1
111_30,1
111_31,1
111_32,1
111_33,1
111_36,1
111_37,1
111_38,1
111_39,1
111_40,1
111_42,1
111_44,1
111_51,1
111_53,1
111_54,1
111_59,1
111_6,1
111_60,1
111_7,1
111_71,1
111_72,1
111_73,1
111_74,1
111_8,1
111_80,1
111_83,1
111_86,1
111_88,1
111_89,1
111_9,1
111_90,1
111_96,1
111_97,1
111_98,1
129_10,1
129_11,0
129_12,0
129_14,0
129_15,0
129_16,1
129_17,1
129_18,1
129_19,1
129_2,0
129_20,0
129_21,1
129_22,1
129_23,0
129_24,0
129_3,0
129_4,0
129_5,0
129_6,0
129_7,0
129_8,1
129_9,1
135_15,1
135_16,1
135_17,1
135_18,1
135_19,1
135_22,1
135_26,1
135_27,1
135_29,1
135_36,1
135_39,1
135_4,1
135_40,1
135_41,1
135_42,1
135_43,1
135_44,1
135_45,1
135_47,1
135_5,1
135_50,1
135_52,1
135_55,1
135_56,1
135_57,1
135_58,1
135_59,1
135_62,1
135_67,1
135_68,1
135_71,1
135_72,1
135_74,1
135_75,1
135_76,0
135_82,1
135_83,1
135_84,1
135_85,1
135_86,0
135_87,1
135_9,1
135_92,1
135_94,1
135_96,1
135_98,1
138_11,0
138_12,0
138_13,0
138_14,0
138_15,0
138_16,0
138_17,0
138_18,0
138_19,0
138_20,0
138_25,0
138_27,0
138_3,0
138_30,0
138_33,0
138_34,0
138_37,0
138_39,0
138_4,0
138_40,1
138_41,0
138_42,0
138_43,0
138_44,0
138_45,0
138_46,0
138_47,0
138_49,0
138_53,0
138_57,0
138_60,0
138_61,0
138_63,0
138_64,0
138_65,0
138_68,0
138_69,1
138_70,0
138_71,0
138_72,0
138_75,1
138_77,0
138_80,0
148_0,1
148_1,0
148_10,0
148_100,1
148_101,0
148_102,0
148_103,0
148_104,0
148_105,0
148_11,1
148_12,0
148_20,0
148_25,1
148_26,0
148_27,0
148_28,0
148_29,0
148_33,0
148_39,0
148_4,0
148_40,0
148_43,0
148_47,0
148_49,0
148_51,1
148_52,0
148_56,0
148_57,0
148_61,0
148_64,1
148_65,1
148_66,0
148_68,1
148_70,1
148_71,1
148_72,0
148_74,0
148_79,1
148_80,0
148_87,0
148_89,1
148_9,0
148_91,0
148_95,1
148_97,0
148_98,1
148_99,0
149_1,0
149_10,0
149_11,0
149_12,0
149_13,1
149_14,0
149_15,0
149_16,1
149_18,0
149_19,1
149_2,0
149_21,0
149_22,0
149_3,0
149_4,0
149_5,0
149_6,0
149_7,0
149_8,0
149_9,0
155_1,0
155_100,0
155_101,0
155_105,0
155_106,0
155_107,1
155_108,0
155_109,0
155_110,0
155_111,0
155_112,0
155_113,1
155_114,0
155_115,0
155_117,0
155_118,0
155_120,1
155_121,0
155_124,0
155_126,0
155_131,0
155_132,0
155_14,1
155_17,0
155_19,0
155_2,0
155_22,0
155_30,0
155_32,0
155_38,0
155_39,0
155_4,0
155_41,0
155_43,0
155_45,0
155_46,1
155_47,1
155_5,0
155_50,0
155_51,0
155_54,0
155_56,0
155_58,0
155_6,0
155_60,0
155_63,1
155_70,0
155_71,0
155_72,0
155_73,0
155_74,1
155_78,0
155_79,0
155_81,1
155_84,0
155_85,0
155_86,0
155_89,0
155_90,0
155_93,1
155_95,0
155_98,0
155_99,0
158_0,1
158_1,1
158_14,1
158_15,1
158_16,1
158_17,0
158_18,1
158_19,1
158_2,1
158_20,0
158_21,1
158_22,1
158_23,1
158_25,1
158_26,1
158_27,1
158_28,1
158_29,1
158_31,1
158_32,1
158_33,1
158_35,1
158_36,1
158_37,1
158_38,1
158_4,1
158_40,1
158_41,0
158_42,1
158_44,1
158_46,1
158_47,1
158_48,1
158_49,1
158_51,1
158_55,1
158_57,1
158_6,1
158_64,1
158_65,1
158_67,1
158_69,1
158_70,1
158_71,1
158_72,1
158_74,1
158_75,1
158_76,0
158_77,1
158_78,1
158_79,1
158_80,1
158_81,1
158_82,1
158_83,0
158_84,1
158_86,1
158_88,1
158_89,1
158_90,0
158_91,0
158_92,1
158_93,1
158_94,1
158_95,0
158_96,0
164_0,1
164_1,1
164_10,1
164_12,1
164_14,1
164_15,1
164_16,1
164_19,1
164_2,1
164_20,1
164_24,1
164_25,1
164_26,1
164_3,1
164_30,1
164_31,1
171_10,1
171_101,1
171_103,1
171_104,1
171_107,0
171_109,1
171_113,1
171_114,1
171_115,1
171_116,1
171_119,0
171_12,1
171_121,1
171_14,1
171_15,1
171_16,1
171_17,1
171_18,1
171_20,1
171_23,1
171_24,1
171_25,1
171_27,1
171_28,1
171_29,1
171_3,1
171_31,1
171_33,1
171_34,1
171_35,1
171_37,1
171_42,1
171_44,1
171_49,1
171_5,1
171_51,1
171_54,1
171_56,1
171_58,1
171_59,1
171_6,1
171_60,0
171_61,1
171_64,1
171_68,1
171_7,1
171_72,1
171_73,1
171_8,1
171_82,0
171_86,1
171_88,1
171_89,1
171_9,1
171_91,0
171_92,1
171_93,1
171_98,1
171_99,1
178_0,1
178_1,1
178_10,1
178_2,1
178_24,1
178_25,1
178_27,1
178_3,1
178_31,1
178_35,1
178_39,1
178_41,1
178_45,1
178_49,1
178_5,1
178_50,1
178_54,1
178_8,1
187_0,1
187_11,1
187_12,1
187_13,1
187_16,1
187_17,1
187_22,1
187_23,1
187_24,1
187_25,1
187_26,0
187_27,1
187_30,1
187_33,1
187_34,1
187_35,1
187_36,1
187_4,1
187_7,1
187_8,1
192_10,0
192_11,0
192_12,0
192_14,0
192_15,1
192_16,0
192_19,0
192_2,0
192_20,0
192_23,0
192_25,0
192_27,0
192_28,0
192_29,0
192_3,0
192_30,1
192_31,0
192_5,0
192_8,0
192_9,0
193_0,0
193_1,0
193_12,0
193_14,0
193_15,0
193_16,0
193_2,1
193_4,1
193_6,0
193_7,0
193_8,0
193_9,1
198_0,0
198_1,0
198_10,0
198_11,1
198_12,0
198_13,0
198_14,0
198_15,0
198_2,0
198_3,0
198_4,1
198_5,0
198_6,1
198_7,0
198_8,0
198_9,0
203_3,0
203_4,0
203_5,1
210_0,0
210_1,0
210_10,0
210_11,0
210_12,0
210_14,0
210_15,0
210_2,0
210_3,0
210_4,0
210_5,0
210_6,0
210_8,0
210_9,0
212_0,1
212_10,1
212_11,1
212_12,1
212_13,1
212_16,1
212_17,1
212_18,1
212_2,1
212_20,0
212_26,1
212_27,1
212_28,1
212_29,1
212_30,1
212_31,1
212_32,1
212_35,1
212_36,1
212_38,1
212_39,1
212_47,1
212_48,1
212_49,1
212_5,1
212_51,1
212_6,1
212_7,1
213_1,0
213_10,0
213_11,0
213_12,1
213_13,0
213_14,0
213_15,0
213_16,0
213_17,0
213_4,0
213_7,0
213_8,0
214_0,1
214_1,1
214_11,1
214_13,1
214_14,0
214_2,0
214_20,1
214_21,1
214_22,1
214_25,1
214_26,1
214_27,1
214_28,1
214_29,1
214_3,1
214_37,1
214_38,1
214_4,1
214_5,1
214_6,1
214_7,1
216_14,0
216_15,1
216_17,1
216_2,0
216_20,0
216_21,0
216_23,0
216_27,0
216_31,0
216_35,0
216_7,0
216_8,0
216_9,0
217_12,0
217_13,0
217_16,1
217_18,0
217_19,1
217_20,0
217_24,0
217_3,0
217_4,0
217_5,1
217_6,0
217_9,1
227_10,1
227_11,1
227_12,1
227_13,1
227_14,1
227_15,0
227_17,1
227_18,1
227_19,0
227_24,1
227_26,1
227_27,1
227_29,0
227_3,1
227_30,1
227_31,0
227_32,1
227_34,1
227_37,1
227_38,1
227_39,1
227_4,1
227_40,1
227_41,1
227_44,1
227_45,0
227_46,1
227_47,1
227_48,1
227_49,1
227_50,1
227_51,1
231_12,1
231_16,1
231_19,1
231_2,1
231_20,1
231_25,1
231_26,1
231_27,1
231_28,1
231_29,1
231_3,0
231_30,1
231_31,1
231_34,1
231_36,1
231_4,1
231_5,1
231_6,1
231_7,1
231_8,1
249_2,0
249_21,1
249_22,1
249_23,1
249_24,1
249_25,1
249_26,1
249_27,1
249_34,1
249_36,1
249_44,1
249_45,1
249_46,1
249_47,1
249_5,0
249_50,1
249_52,1
249_54,1
249_55,1
249_56,1
249_58,0
249_6,1
249_61,1
249_63,1
249_65,1
249_66,1
249_69,1
249_72,1
249_74,1
249_75,1
251_0,0
251_13,1
251_14,0
251_15,0
251_16,0
251_17,0
251_18,0
251_19,0
251_20,0
251_3,0
251_4,1
251_6,0
251_7,0
251_9,0
259_10,0
259_11,0
259_12,0
259_13,0
259_14,0
259_17,0
259_21,1
259_22,0
259_23,0
259_24,0
259_25,0
259_4,0
259_9,1
262_14,0
262_15,0
262_2,0
262_21,0
262_22,0
262_23,0
262_24,0
262_3,0
262_30,0
262_4,0
262_5,0
262_8,0
269_0,1
269_1,1
269_13,1
269_14,1
269_2,1
269_5,1
269_6,1
269_7,1
269_8,1
270_0,0
270_1,0
270_10,0
270_13,0
270_14,0
270_4,1
270_7,0
273_1,1
273_10,1
273_11,1
273_12,1
273_13,1
273_17,1
273_2,1
273_22,1
273_23,1
273_28,1
273_30,1
273_33,1
273_34,1
273_35,1
273_5,1
273_9,1
274_12,0
274_13,0
274_16,0
274_17,0
274_20,0
274_23,0
274_26,0
274_27,0
274_28,0
274_29,1
274_30,0
274_31,1
274_32,0
274_35,0
274_5,0
274_7,0
280_0,1
280_1,1
280_11,1
280_12,1
280_13,1
280_14,1
280_17,1
280_2,1
280_3,1
280_4,1
280_5,1
280_6,1
280_7,1
281_0,0
281_1,0
286_0,1
286_2,1
296_1,0
296_4,0
